CSV_ID,CSV_NAME,CSV_DATE,CSV_FLAG,CSV_CHOICELIST,CSV_CHOICELIST_MULTI,Useless_Column
123001,CLARK FORKLIFT 001 NEW (no multi 1),2000-01-10,Yes,,"multi 3,multi 5,multi 7,multi 9",123
123002,CLARK FORKLIFT 002,2019-02-10,No,item 2,"multi 2,multi 4,multi 6,multi 8,multi 10"
123003,CLARK FORKLIFT 003,2019-03-10,Yes,item 3,"multi 1,multi 3,multi 5,multi 7,multi 9"
123004,CLARK FORKLIFT 004,2019-04-10,No,item 4,"multi 2,multi 4,multi 6,multi 8,multi 10"
123005,CLARK FORKLIFT 005,2019-05-10,Yes,item 5,"multi 1,multi 2,multi 3"
123006,CLARK FORKLIFT 006,2019-06-10,No,item 6,"multi 4,multi 5,multi 6"
123007,CLARK FORKLIFT 007,2019-07-10,Yes,item 7,"multi 7,multi 8,multi 9"
123008,CLARK FORKLIFT 008,2019-08-10,No,item 8,"multi 10,multi 1,multi 2"
123009,CLARK FORKLIFT 009,2019-09-10,Yes,item 9,"multi 3,multi 4,multi 5"
123010,CLARK FORKLIFT 010,2019-10-10,No,item 10,"multi 6,multi 7,multi 8"
123011,CLARK FORKLIFT 011,2019-11-10,Yes,item 1,"multi 9,multi 10,multi 1,multi 2"
123012,CLARK FORKLIFT 012,2019-12-10,No,item 2,"multi 3,multi 4,multi 5,multi 6"
123013,CLARK FORKLIFT 013,2020-01-10,Yes,item 3,"multi 7,multi 8,multi 9,multi 10"
123014,CLARK FORKLIFT 014,2020-02-10,No,item 4,"multi 1,multi 3,multi 5,multi 7,multi 9"
123015,CLARK FORKLIFT 015,2020-03-10,Yes,item 5,"multi 2,multi 4,multi 6,multi 8,multi 10"
123016,CLARK FORKLIFT 016,2020-04-10,No,item 6,"multi 1,multi 3,multi 5,multi 7,multi 9"
123017,CLARK FORKLIFT 017,2020-05-10,Yes,item 7,"multi 2,multi 4,multi 6,multi 8,multi 10"
123018,CLARK FORKLIFT 018,2020-06-10,No,item 8,"multi 1,multi 2,multi 3"
123019,CLARK FORKLIFT 019,2020-07-10,Yes,item 9,"multi 4,multi 5,multi 6"
123020,CLARK FORKLIFT 020,2020-08-10,No,item 10,"multi 7,multi 8,multi 9"
123021,CLARK FORKLIFT 021,2020-09-10,Yes,item 1,"multi 10,multi 1,multi 2"
123022,CLARK FORKLIFT 022,2020-10-10,No,item 2,"multi 3,multi 4,multi 5"
123023,CLARK FORKLIFT 023,2020-11-10,Yes,item 3,"multi 6,multi 7,multi 8"
123024,CLARK FORKLIFT 024,2020-12-10,No,item 4,"multi 9,multi 10,multi 1,multi 2"
123025,CLARK FORKLIFT 025,2021-01-10,Yes,item 5,"multi 3,multi 4,multi 5,multi 6"
123026,CLARK FORKLIFT 026,2021-02-10,No,item 6,"multi 7,multi 8,multi 9,multi 10"
123027,CLARK FORKLIFT 027,2021-03-10,Yes,item 7,"multi 1,multi 3,multi 5,multi 7,multi 9"
123028,CLARK FORKLIFT 028,2021-04-10,No,item 8,"multi 2,multi 4,multi 6,multi 8,multi 10"
123029,CLARK FORKLIFT 029,2021-05-10,Yes,item 9,"multi 1,multi 3,multi 5,multi 7,multi 9"
123030,CLARK FORKLIFT 030,2021-06-10,No,item 10,"multi 2,multi 4,multi 6,multi 8,multi 10"
123031,CLARK FORKLIFT 031,2021-07-10,Yes,item 1,"multi 1,multi 2,multi 3"
123032,CLARK FORKLIFT 032,2021-08-10,No,item 2,"multi 4,multi 5,multi 6"
123033,CLARK FORKLIFT 033,2021-09-10,Yes,item 3,"multi 7,multi 8,multi 9"
123034,CLARK FORKLIFT 034,2021-10-10,No,item 4,"multi 10,multi 1,multi 2"
123035,CLARK FORKLIFT 035,2021-11-10,Yes,item 5,"multi 3,multi 4,multi 5"
123036,CLARK FORKLIFT 036,2021-12-10,No,item 6,"multi 6,multi 7,multi 8"
123037,CLARK FORKLIFT 037,2022-01-10,Yes,item 7,"multi 9,multi 10,multi 1,multi 2"
123038,CLARK FORKLIFT 038,2022-02-10,No,item 8,"multi 3,multi 4,multi 5,multi 6"
123039,CLARK FORKLIFT 039,2022-03-10,Yes,item 9,"multi 7,multi 8,multi 9,multi 10"
123040,CLARK FORKLIFT 040,2022-04-10,No,item 10,"multi 1,multi 3,multi 5,multi 7,multi 9"
123041,CLARK FORKLIFT 041,2022-05-10,Yes,item 1,"multi 2,multi 4,multi 6,multi 8,multi 10"
123042,CLARK FORKLIFT 042,2022-06-10,No,item 2,"multi 1,multi 3,multi 5,multi 7,multi 9"
123043,CLARK FORKLIFT 043,2022-07-10,Yes,item 3,"multi 2,multi 4,multi 6,multi 8,multi 10"
123044,CLARK FORKLIFT 044,2022-08-10,No,item 4,"multi 1,multi 2,multi 3"
123045,CLARK FORKLIFT 045,2022-09-10,Yes,item 5,"multi 4,multi 5,multi 6"
123046,CLARK FORKLIFT 046,2022-10-10,No,item 6,"multi 7,multi 8,multi 9"
123047,CLARK FORKLIFT 047,2022-11-10,Yes,item 7,"multi 10,multi 1,multi 2"
123048,CLARK FORKLIFT 048,2022-12-10,No,item 8,"multi 3,multi 4,multi 5"
123049,CLARK FORKLIFT 049,2023-01-10,Yes,item 9,"multi 6,multi 7,multi 8"
123050,CLARK FORKLIFT 050,2023-02-10,No,item 10,"multi 9,multi 10,multi 1,multi 2";456
123051,CLARK FORKLIFT 051,2023-03-10,Yes,item 1,"multi 3,multi 4,multi 5,multi 6"
123052,CLARK FORKLIFT 052,2023-04-10,No,item 2,"multi 7,multi 8,multi 9,multi 10"
123053,CLARK FORKLIFT 053,2023-05-10,Yes,item 3,"multi 1,multi 3,multi 5,multi 7,multi 9"
123054,CLARK FORKLIFT 054,2023-06-10,No,item 4,"multi 2,multi 4,multi 6,multi 8,multi 10"
123055,CLARK FORKLIFT 055,2023-07-10,Yes,item 5,"multi 1,multi 3,multi 5,multi 7,multi 9"
123056,CLARK FORKLIFT 056,2023-08-10,No,item 6,"multi 2,multi 4,multi 6,multi 8,multi 10"
123057,CLARK FORKLIFT 057,2023-09-10,Yes,item 7,"multi 1,multi 2,multi 3"
123058,CLARK FORKLIFT 058,2023-10-10,No,item 8,"multi 4,multi 5,multi 6"
123059,CLARK FORKLIFT 059,2023-11-10,Yes,item 9,"multi 7,multi 8,multi 9"
123060,CLARK FORKLIFT 060,2023-12-10,No,item 10,"multi 10,multi 1,multi 2"
123061,CLARK FORKLIFT 061,2024-01-10,Yes,item 1,"multi 3,multi 4,multi 5"
123062,CLARK FORKLIFT 062,2024-02-10,No,item 2,"multi 6,multi 7,multi 8"
123063,CLARK FORKLIFT 063,2024-03-10,Yes,item 3,"multi 9,multi 10,multi 1,multi 2"
123064,CLARK FORKLIFT 064,2024-04-10,No,item 4,"multi 3,multi 4,multi 5,multi 6"
123065,CLARK FORKLIFT 065,2024-05-10,Yes,item 5,"multi 7,multi 8,multi 9,multi 10"
123066,CLARK FORKLIFT 066,2024-06-10,No,item 6,"multi 1,multi 3,multi 5,multi 7,multi 9"
123067,CLARK FORKLIFT 067,2024-07-10,Yes,item 7,"multi 2,multi 4,multi 6,multi 8,multi 10"
123068,CLARK FORKLIFT 068,2024-08-10,No,item 8,"multi 1,multi 3,multi 5,multi 7,multi 9"
123069,CLARK FORKLIFT 069,2024-09-10,Yes,item 9,"multi 2,multi 4,multi 6,multi 8,multi 10"
123070,CLARK FORKLIFT 070,2024-10-10,No,item 10,"multi 1,multi 2,multi 3"
123071,CLARK FORKLIFT 071,2024-11-10,Yes,item 1,"multi 4,multi 5,multi 6"
123072,CLARK FORKLIFT 072,2024-12-10,No,item 2,"multi 7,multi 8,multi 9"
123073,CLARK FORKLIFT 073,2025-01-10,Yes,item 3,"multi 10,multi 1,multi 2"
123074,CLARK FORKLIFT 074,2025-02-10,No,item 4,"multi 3,multi 4,multi 5"
123075,CLARK FORKLIFT 075,2025-03-10,Yes,item 5,"multi 6,multi 7,multi 8"
123076,CLARK FORKLIFT 076,2025-04-10,No,item 6,"multi 9,multi 10,multi 1,multi 2"
123077,CLARK FORKLIFT 077,2025-05-10,Yes,item 7,"multi 3,multi 4,multi 5,multi 6"
123078,CLARK FORKLIFT 078,2025-06-10,No,item 8,"multi 7,multi 8,multi 9,multi 10"
123079,CLARK FORKLIFT 079,2025-07-10,Yes,item 9,"multi 1,multi 3,multi 5,multi 7,multi 9"
123080,CLARK FORKLIFT 080,2025-08-10,No,item 10,"multi 2,multi 4,multi 6,multi 8,multi 10"
123081,CLARK FORKLIFT 081,2025-09-10,Yes,item 1,"multi 1,multi 3,multi 5,multi 7,multi 9"
123082,CLARK FORKLIFT 082,2025-10-10,No,item 2,"multi 2,multi 4,multi 6,multi 8,multi 10"
123083,CLARK FORKLIFT 083,2025-11-10,Yes,item 3,"multi 1,multi 2,multi 3"
123084,CLARK FORKLIFT 084,2025-12-10,No,item 4,"multi 4,multi 5,multi 6"
123085,CLARK FORKLIFT 085,2026-01-10,Yes,item 5,"multi 7,multi 8,multi 9"
123086,CLARK FORKLIFT 086,2026-02-10,No,item 6,"multi 10,multi 1,multi 2"
123087,CLARK FORKLIFT 087,2026-03-10,Yes,item 7,"multi 3,multi 4,multi 5"
123088,CLARK FORKLIFT 088,2026-04-10,No,item 8,"multi 6,multi 7,multi 8"
123089,CLARK FORKLIFT 089,2026-05-10,Yes,item 9,"multi 9,multi 10,multi 1,multi 2"
123090,CLARK FORKLIFT 090,2026-06-10,No,item 10,"multi 3,multi 4,multi 5,multi 6"
123091,CLARK FORKLIFT 091,2026-07-10,Yes,item 1,"multi 7,multi 8,multi 9,multi 10"
123092,CLARK FORKLIFT 092,2026-08-10,No,item 2,"multi 1,multi 3,multi 5,multi 7,multi 9"
123093,CLARK FORKLIFT 093,2026-09-10,Yes,item 3,"multi 2,multi 4,multi 6,multi 8,multi 10"
123094,CLARK FORKLIFT 094,2026-10-10,No,item 4,"multi 1,multi 3,multi 5,multi 7,multi 9"
123095,CLARK FORKLIFT 095,2026-11-10,Yes,item 5,"multi 2,multi 4,multi 6,multi 8,multi 10"
123096,CLARK FORKLIFT 096,2026-12-10,No,item 6,"multi 1,multi 2,multi 3"
123097,CLARK FORKLIFT 097,2027-01-10,Yes,item 7,"multi 4,multi 5,multi 6"
123098,CLARK FORKLIFT 098,2027-02-10,No,item 8,"multi 7,multi 8,multi 9"
123099,CLARK FORKLIFT 099,2027-03-10,Yes,item 9,"multi 10,multi 1,multi 2"
123100,CLARK FORKLIFT 100,2027-04-10,No,item 10,"multi 3,multi 4,multi 5",789
123101,CLARK FORKLIFT 001,2019-01-10,Yes,item 1,"multi 1,multi 3,multi 5,multi 7,multi 9"
123102,CLARK FORKLIFT 002,2019-02-10,No,item 2,"multi 2,multi 4,multi 6,multi 8,multi 10"
123103,CLARK FORKLIFT 003,2019-03-10,Yes,item 3,"multi 1,multi 3,multi 5,multi 7,multi 9"
123104,CLARK FORKLIFT 004,2019-04-10,No,item 4,"multi 2,multi 4,multi 6,multi 8,multi 10"
123105,CLARK FORKLIFT 005,2019-05-10,Yes,item 5,"multi 1,multi 2,multi 3"
123106,CLARK FORKLIFT 006,2019-06-10,No,item 6,"multi 4,multi 5,multi 6"
123107,CLARK FORKLIFT 007,2019-07-10,Yes,item 7,"multi 7,multi 8,multi 9"
123108,CLARK FORKLIFT 008,2019-08-10,No,item 8,"multi 10,multi 1,multi 2"
123109,CLARK FORKLIFT 009,2019-09-10,Yes,item 9,"multi 3,multi 4,multi 5"
123110,CLARK FORKLIFT 010,2019-10-10,No,item 10,"multi 6,multi 7,multi 8"
123111,CLARK FORKLIFT 011,2019-11-10,Yes,item 1,"multi 9,multi 10,multi 1,multi 2"
123112,CLARK FORKLIFT 012,2019-12-10,No,item 2,"multi 3,multi 4,multi 5,multi 6"
123113,CLARK FORKLIFT 013,2020-01-10,Yes,item 3,"multi 7,multi 8,multi 9,multi 10"
123114,CLARK FORKLIFT 014,2020-02-10,No,item 4,"multi 1,multi 3,multi 5,multi 7,multi 9"
123115,CLARK FORKLIFT 015,2020-03-10,Yes,item 5,"multi 2,multi 4,multi 6,multi 8,multi 10"
123116,CLARK FORKLIFT 016,2020-04-10,No,item 6,"multi 1,multi 3,multi 5,multi 7,multi 9"
123117,CLARK FORKLIFT 017,2020-05-10,Yes,item 7,"multi 2,multi 4,multi 6,multi 8,multi 10"
123118,CLARK FORKLIFT 018,2020-06-10,No,item 8,"multi 1,multi 2,multi 3"
123119,CLARK FORKLIFT 019,2020-07-10,Yes,item 9,"multi 4,multi 5,multi 6"
123120,CLARK FORKLIFT 020,2020-08-10,No,item 10,"multi 7,multi 8,multi 9"
123121,CLARK FORKLIFT 021,2020-09-10,Yes,item 1,"multi 10,multi 1,multi 2"
123122,CLARK FORKLIFT 022,2020-10-10,No,item 2,"multi 3,multi 4,multi 5"
123123,CLARK FORKLIFT 023,2020-11-10,Yes,item 3,"multi 6,multi 7,multi 8"
123124,CLARK FORKLIFT 024,2020-12-10,No,item 4,"multi 9,multi 10,multi 1,multi 2"
123125,CLARK FORKLIFT 025,2021-01-10,Yes,item 5,"multi 3,multi 4,multi 5,multi 6"
123126,CLARK FORKLIFT 026,2021-02-10,No,item 6,"multi 7,multi 8,multi 9,multi 10"
123127,CLARK FORKLIFT 027,2021-03-10,Yes,item 7,"multi 1,multi 3,multi 5,multi 7,multi 9"
123128,CLARK FORKLIFT 028,2021-04-10,No,item 8,"multi 2,multi 4,multi 6,multi 8,multi 10"
123129,CLARK FORKLIFT 029,2021-05-10,Yes,item 9,"multi 1,multi 3,multi 5,multi 7,multi 9"
123130,CLARK FORKLIFT 030,2021-06-10,No,item 10,"multi 2,multi 4,multi 6,multi 8,multi 10"
123131,CLARK FORKLIFT 031,2021-07-10,Yes,item 1,"multi 1,multi 2,multi 3"
123132,CLARK FORKLIFT 032,2021-08-10,No,item 2,"multi 4,multi 5,multi 6"
123133,CLARK FORKLIFT 033,2021-09-10,Yes,item 3,"multi 7,multi 8,multi 9"
123134,CLARK FORKLIFT 034,2021-10-10,No,item 4,"multi 10,multi 1,multi 2"
123135,CLARK FORKLIFT 035,2021-11-10,Yes,item 5,"multi 3,multi 4,multi 5"
123136,CLARK FORKLIFT 036,2021-12-10,No,item 6,"multi 6,multi 7,multi 8"
123137,CLARK FORKLIFT 037,2022-01-10,Yes,item 7,"multi 9,multi 10,multi 1,multi 2"
123138,CLARK FORKLIFT 038,2022-02-10,No,item 8,"multi 3,multi 4,multi 5,multi 6"
123139,CLARK FORKLIFT 039,2022-03-10,Yes,item 9,"multi 7,multi 8,multi 9,multi 10"
123140,CLARK FORKLIFT 040,2022-04-10,No,item 10,"multi 1,multi 3,multi 5,multi 7,multi 9"
123141,CLARK FORKLIFT 041,2022-05-10,Yes,item 1,"multi 2,multi 4,multi 6,multi 8,multi 10"
123142,CLARK FORKLIFT 042,2022-06-10,No,item 2,"multi 1,multi 3,multi 5,multi 7,multi 9"
123143,CLARK FORKLIFT 043,2022-07-10,Yes,item 3,"multi 2,multi 4,multi 6,multi 8,multi 10"
123144,CLARK FORKLIFT 044,2022-08-10,No,item 4,"multi 1,multi 2,multi 3"
123145,CLARK FORKLIFT 045,2022-09-10,Yes,item 5,"multi 4,multi 5,multi 6"
123146,CLARK FORKLIFT 046,2022-10-10,No,item 6,"multi 7,multi 8,multi 9"
123147,CLARK FORKLIFT 047,2022-11-10,Yes,item 7,"multi 10,multi 1,multi 2"
123148,CLARK FORKLIFT 048,2022-12-10,No,item 8,"multi 3,multi 4,multi 5"
123149,CLARK FORKLIFT 049,2023-01-10,Yes,item 9,"multi 6,multi 7,multi 8"
123150,CLARK FORKLIFT 050,2023-02-10,No,item 10,"multi 9,multi 10,multi 1,multi 2",ABC
123151,CLARK FORKLIFT 051,2023-03-10,Yes,item 1,"multi 3,multi 4,multi 5,multi 6"
123152,CLARK FORKLIFT 052,2023-04-10,No,item 2,"multi 7,multi 8,multi 9,multi 10"
123153,CLARK FORKLIFT 053,2023-05-10,Yes,item 3,"multi 1,multi 3,multi 5,multi 7,multi 9"
123154,CLARK FORKLIFT 054,2023-06-10,No,item 4,"multi 2,multi 4,multi 6,multi 8,multi 10"
123155,CLARK FORKLIFT 055,2023-07-10,Yes,item 5,"multi 1,multi 3,multi 5,multi 7,multi 9"
123156,CLARK FORKLIFT 056,2023-08-10,No,item 6,"multi 2,multi 4,multi 6,multi 8,multi 10"
123157,CLARK FORKLIFT 057,2023-09-10,Yes,item 7,"multi 1,multi 2,multi 3"
123158,CLARK FORKLIFT 058,2023-10-10,No,item 8,"multi 4,multi 5,multi 6"
123159,CLARK FORKLIFT 059,2023-11-10,Yes,item 9,"multi 7,multi 8,multi 9"
123160,CLARK FORKLIFT 060,2023-12-10,No,item 10,"multi 10,multi 1,multi 2"
123161,CLARK FORKLIFT 061,2024-01-10,Yes,item 1,"multi 3,multi 4,multi 5"
123162,CLARK FORKLIFT 062,2024-02-10,No,item 2,"multi 6,multi 7,multi 8"
123163,CLARK FORKLIFT 063,2024-03-10,Yes,item 3,"multi 9,multi 10,multi 1,multi 2"
123164,CLARK FORKLIFT 064,2024-04-10,No,item 4,"multi 3,multi 4,multi 5,multi 6"
123165,CLARK FORKLIFT 065,2024-05-10,Yes,item 5,"multi 7,multi 8,multi 9,multi 10"
123166,CLARK FORKLIFT 066,2024-06-10,No,item 6,"multi 1,multi 3,multi 5,multi 7,multi 9"
123167,CLARK FORKLIFT 067,2024-07-10,Yes,item 7,"multi 2,multi 4,multi 6,multi 8,multi 10"
123168,CLARK FORKLIFT 068,2024-08-10,No,item 8,"multi 1,multi 3,multi 5,multi 7,multi 9"
123169,CLARK FORKLIFT 069,2024-09-10,Yes,item 9,"multi 2,multi 4,multi 6,multi 8,multi 10"
123170,CLARK FORKLIFT 070,2024-10-10,No,item 10,"multi 1,multi 2,multi 3"
123171,CLARK FORKLIFT 071,2024-11-10,Yes,item 1,"multi 4,multi 5,multi 6"
123172,CLARK FORKLIFT 072,2024-12-10,No,item 2,"multi 7,multi 8,multi 9"
123173,CLARK FORKLIFT 073,2025-01-10,Yes,item 3,"multi 10,multi 1,multi 2"
123174,CLARK FORKLIFT 074,2025-02-10,No,item 4,"multi 3,multi 4,multi 5"
123175,CLARK FORKLIFT 075,2025-03-10,Yes,item 5,"multi 6,multi 7,multi 8"
123176,CLARK FORKLIFT 076,2025-04-10,No,item 6,"multi 9,multi 10,multi 1,multi 2"
123177,CLARK FORKLIFT 077,2025-05-10,Yes,item 7,"multi 3,multi 4,multi 5,multi 6"
123178,CLARK FORKLIFT 078,2025-06-10,No,item 8,"multi 7,multi 8,multi 9,multi 10"
123179,CLARK FORKLIFT 079,2025-07-10,Yes,item 9,"multi 1,multi 3,multi 5,multi 7,multi 9"
123180,CLARK FORKLIFT 080,2025-08-10,No,item 10,"multi 2,multi 4,multi 6,multi 8,multi 10"
123181,CLARK FORKLIFT 081,2025-09-10,Yes,item 1,"multi 1,multi 3,multi 5,multi 7,multi 9"
123182,CLARK FORKLIFT 082,2025-10-10,No,item 2,"multi 2,multi 4,multi 6,multi 8,multi 10"
123183,CLARK FORKLIFT 083,2025-11-10,Yes,item 3,"multi 1,multi 2,multi 3"
123184,CLARK FORKLIFT 084,2025-12-10,No,item 4,"multi 4,multi 5,multi 6"
123185,CLARK FORKLIFT 085,2026-01-10,Yes,item 5,"multi 7,multi 8,multi 9"
123186,CLARK FORKLIFT 086,2026-02-10,No,item 6,"multi 10,multi 1,multi 2"
123187,CLARK FORKLIFT 087,2026-03-10,Yes,item 7,"multi 3,multi 4,multi 5"
123188,CLARK FORKLIFT 088,2026-04-10,No,item 8,"multi 6,multi 7,multi 8"
123189,CLARK FORKLIFT 089,2026-05-10,Yes,item 9,"multi 9,multi 10,multi 1,multi 2"
123190,CLARK FORKLIFT 090,2026-06-10,No,item 10,"multi 3,multi 4,multi 5,multi 6"
123191,CLARK FORKLIFT 091,2026-07-10,Yes,item 1,"multi 7,multi 8,multi 9,multi 10"
123192,CLARK FORKLIFT 092,2026-08-10,No,item 2,"multi 1,multi 3,multi 5,multi 7,multi 9"
123193,CLARK FORKLIFT 093,2026-09-10,Yes,item 3,"multi 2,multi 4,multi 6,multi 8,multi 10"
123194,CLARK FORKLIFT 094,2026-10-10,No,item 4,"multi 1,multi 3,multi 5,multi 7,multi 9"
123195,CLARK FORKLIFT 095,2026-11-10,Yes,item 5,"multi 2,multi 4,multi 6,multi 8,multi 10"
123196,CLARK FORKLIFT 096,2026-12-10,No,item 6,"multi 1,multi 2,multi 3"
123197,CLARK FORKLIFT 097,2027-01-10,Yes,item 7,"multi 4,multi 5,multi 6"
123198,CLARK FORKLIFT 098,2027-02-10,No,item 8,"multi 7,multi 8,multi 9"
123199,CLARK FORKLIFT 099,2027-03-10,Yes,item 9,"multi 10,multi 1,multi 2"
123200,CLARK FORKLIFT 100,2027-04-10,No,item 10,"multi 3,multi 4,multi 5",2027-04-10 10:50:14
123201,CLARK FORKLIFT 001,2019-01-10,Yes,item 1,"multi 1,multi 3,multi 5,multi 7,multi 9"
123202,CLARK FORKLIFT 002,2019-02-10,No,item 2,"multi 2,multi 4,multi 6,multi 8,multi 10"
123203,CLARK FORKLIFT 003,2019-03-10,Yes,item 3,"multi 1,multi 3,multi 5,multi 7,multi 9"
123204,CLARK FORKLIFT 004,2019-04-10,No,item 4,"multi 2,multi 4,multi 6,multi 8,multi 10"
123205,CLARK FORKLIFT 005,2019-05-10,Yes,item 5,"multi 1,multi 2,multi 3"
123206,CLARK FORKLIFT 006,2019-06-10,No,item 6,"multi 4,multi 5,multi 6"
123207,CLARK FORKLIFT 007,2019-07-10,Yes,item 7,"multi 7,multi 8,multi 9"
123208,CLARK FORKLIFT 008,2019-08-10,No,item 8,"multi 10,multi 1,multi 2"
123209,CLARK FORKLIFT 009,2019-09-10,Yes,item 9,"multi 3,multi 4,multi 5"
123210,CLARK FORKLIFT 010,2019-10-10,No,item 10,"multi 6,multi 7,multi 8"
123211,CLARK FORKLIFT 011,2019-11-10,Yes,item 1,"multi 9,multi 10,multi 1,multi 2"
123212,CLARK FORKLIFT 012,2019-12-10,No,item 2,"multi 3,multi 4,multi 5,multi 6"
123213,CLARK FORKLIFT 013,2020-01-10,Yes,item 3,"multi 7,multi 8,multi 9,multi 10"
123214,CLARK FORKLIFT 014,2020-02-10,No,item 4,"multi 1,multi 3,multi 5,multi 7,multi 9"
123215,CLARK FORKLIFT 015,2020-03-10,Yes,item 5,"multi 2,multi 4,multi 6,multi 8,multi 10"
123216,CLARK FORKLIFT 016,2020-04-10,No,item 6,"multi 1,multi 3,multi 5,multi 7,multi 9"
123217,CLARK FORKLIFT 017,2020-05-10,Yes,item 7,"multi 2,multi 4,multi 6,multi 8,multi 10"
123218,CLARK FORKLIFT 018,2020-06-10,No,item 8,"multi 1,multi 2,multi 3"
123219,CLARK FORKLIFT 019,2020-07-10,Yes,item 9,"multi 4,multi 5,multi 6"
123220,CLARK FORKLIFT 020,2020-08-10,No,item 10,"multi 7,multi 8,multi 9"
123221,CLARK FORKLIFT 021,2020-09-10,Yes,item 1,"multi 10,multi 1,multi 2"
123222,CLARK FORKLIFT 022,2020-10-10,No,item 2,"multi 3,multi 4,multi 5"
123223,CLARK FORKLIFT 023,2020-11-10,Yes,item 3,"multi 6,multi 7,multi 8"
123224,CLARK FORKLIFT 024,2020-12-10,No,item 4,"multi 9,multi 10,multi 1,multi 2"
123225,CLARK FORKLIFT 025,2021-01-10,Yes,item 5,"multi 3,multi 4,multi 5,multi 6"
123226,CLARK FORKLIFT 026,2021-02-10,No,item 6,"multi 7,multi 8,multi 9,multi 10"
123227,CLARK FORKLIFT 027,2021-03-10,Yes,item 7,"multi 1,multi 3,multi 5,multi 7,multi 9"
123228,CLARK FORKLIFT 028,2021-04-10,No,item 8,"multi 2,multi 4,multi 6,multi 8,multi 10"
123229,CLARK FORKLIFT 029,2021-05-10,Yes,item 9,"multi 1,multi 3,multi 5,multi 7,multi 9"
123230,CLARK FORKLIFT 030,2021-06-10,No,item 10,"multi 2,multi 4,multi 6,multi 8,multi 10"
123231,CLARK FORKLIFT 031,2021-07-10,Yes,item 1,"multi 1,multi 2,multi 3"
123232,CLARK FORKLIFT 032,2021-08-10,No,item 2,"multi 4,multi 5,multi 6"
123233,CLARK FORKLIFT 033,2021-09-10,Yes,item 3,"multi 7,multi 8,multi 9"
123234,CLARK FORKLIFT 034,2021-10-10,No,item 4,"multi 10,multi 1,multi 2"
123235,CLARK FORKLIFT 035,2021-11-10,Yes,item 5,"multi 3,multi 4,multi 5"
123236,CLARK FORKLIFT 036,2021-12-10,No,item 6,"multi 6,multi 7,multi 8"
123237,CLARK FORKLIFT 037,2022-01-10,Yes,item 7,"multi 9,multi 10,multi 1,multi 2"
123238,CLARK FORKLIFT 038,2022-02-10,No,item 8,"multi 3,multi 4,multi 5,multi 6"
123239,CLARK FORKLIFT 039,2022-03-10,Yes,item 9,"multi 7,multi 8,multi 9,multi 10"
123240,CLARK FORKLIFT 040,2022-04-10,No,item 10,"multi 1,multi 3,multi 5,multi 7,multi 9"
123241,CLARK FORKLIFT 041,2022-05-10,Yes,item 1,"multi 2,multi 4,multi 6,multi 8,multi 10"
123242,CLARK FORKLIFT 042,2022-06-10,No,item 2,"multi 1,multi 3,multi 5,multi 7,multi 9"
123243,CLARK FORKLIFT 043,2022-07-10,Yes,item 3,"multi 2,multi 4,multi 6,multi 8,multi 10"
123244,CLARK FORKLIFT 044,2022-08-10,No,item 4,"multi 1,multi 2,multi 3"
123245,CLARK FORKLIFT 045,2022-09-10,Yes,item 5,"multi 4,multi 5,multi 6"
123246,CLARK FORKLIFT 046,2022-10-10,No,item 6,"multi 7,multi 8,multi 9"
123247,CLARK FORKLIFT 047,2022-11-10,Yes,item 7,"multi 10,multi 1,multi 2"
123248,CLARK FORKLIFT 048,2022-12-10,No,item 8,"multi 3,multi 4,multi 5"
123249,CLARK FORKLIFT 049,2023-01-10,Yes,item 9,"multi 6,multi 7,multi 8"
123250,CLARK FORKLIFT 050,2023-02-10,No,item 10,"multi 9,multi 10,multi 1,multi 2",Yes
123251,CLARK FORKLIFT 051,2023-03-10,Yes,item 1,"multi 3,multi 4,multi 5,multi 6"
123252,CLARK FORKLIFT 052,2023-04-10,No,item 2,"multi 7,multi 8,multi 9,multi 10"
123253,CLARK FORKLIFT 053,2023-05-10,Yes,item 3,"multi 1,multi 3,multi 5,multi 7,multi 9"
123254,CLARK FORKLIFT 054,2023-06-10,No,item 4,"multi 2,multi 4,multi 6,multi 8,multi 10"
123255,CLARK FORKLIFT 055,2023-07-10,Yes,item 5,"multi 1,multi 3,multi 5,multi 7,multi 9"
123256,CLARK FORKLIFT 056,2023-08-10,No,item 6,"multi 2,multi 4,multi 6,multi 8,multi 10"
123257,CLARK FORKLIFT 057,2023-09-10,Yes,item 7,"multi 1,multi 2,multi 3"
123258,CLARK FORKLIFT 058,2023-10-10,No,item 8,"multi 4,multi 5,multi 6"
123259,CLARK FORKLIFT 059,2023-11-10,Yes,item 9,"multi 7,multi 8,multi 9"
123260,CLARK FORKLIFT 060,2023-12-10,No,item 10,"multi 10,multi 1,multi 2"
123261,CLARK FORKLIFT 061,2024-01-10,Yes,item 1,"multi 3,multi 4,multi 5"
123262,CLARK FORKLIFT 062,2024-02-10,No,item 2,"multi 6,multi 7,multi 8"
123263,CLARK FORKLIFT 063,2024-03-10,Yes,item 3,"multi 9,multi 10,multi 1,multi 2"
123264,CLARK FORKLIFT 064,2024-04-10,No,item 4,"multi 3,multi 4,multi 5,multi 6"
123265,CLARK FORKLIFT 065,2024-05-10,Yes,item 5,"multi 7,multi 8,multi 9,multi 10"
123266,CLARK FORKLIFT 066,2024-06-10,No,item 6,"multi 1,multi 3,multi 5,multi 7,multi 9"
123267,CLARK FORKLIFT 067,2024-07-10,Yes,item 7,"multi 2,multi 4,multi 6,multi 8,multi 10"
123268,CLARK FORKLIFT 068,2024-08-10,No,item 8,"multi 1,multi 3,multi 5,multi 7,multi 9"
123269,CLARK FORKLIFT 069,2024-09-10,Yes,item 9,"multi 2,multi 4,multi 6,multi 8,multi 10"
123270,CLARK FORKLIFT 070,2024-10-10,No,item 10,"multi 1,multi 2,multi 3"
123271,CLARK FORKLIFT 071,2024-11-10,Yes,item 1,"multi 4,multi 5,multi 6"
123272,CLARK FORKLIFT 072,2024-12-10,No,item 2,"multi 7,multi 8,multi 9"
123273,CLARK FORKLIFT 073,2025-01-10,Yes,item 3,"multi 10,multi 1,multi 2"
123274,CLARK FORKLIFT 074,2025-02-10,No,item 4,"multi 3,multi 4,multi 5"
123275,CLARK FORKLIFT 075,2025-03-10,Yes,item 5,"multi 6,multi 7,multi 8"
123276,CLARK FORKLIFT 076,2025-04-10,No,item 6,"multi 9,multi 10,multi 1,multi 2"
123277,CLARK FORKLIFT 077,2025-05-10,Yes,item 7,"multi 3,multi 4,multi 5,multi 6"
123278,CLARK FORKLIFT 078,2025-06-10,No,item 8,"multi 7,multi 8,multi 9,multi 10"
123279,CLARK FORKLIFT 079,2025-07-10,Yes,item 9,"multi 1,multi 3,multi 5,multi 7,multi 9"
123280,CLARK FORKLIFT 080,2025-08-10,No,item 10,"multi 2,multi 4,multi 6,multi 8,multi 10"
123281,CLARK FORKLIFT 081,2025-09-10,Yes,item 1,"multi 1,multi 3,multi 5,multi 7,multi 9"
123282,CLARK FORKLIFT 082,2025-10-10,No,item 2,"multi 2,multi 4,multi 6,multi 8,multi 10"
123283,CLARK FORKLIFT 083,2025-11-10,Yes,item 3,"multi 1,multi 2,multi 3"
123284,CLARK FORKLIFT 084,2025-12-10,No,item 4,"multi 4,multi 5,multi 6"
123285,CLARK FORKLIFT 085,2026-01-10,Yes,item 5,"multi 7,multi 8,multi 9"
123286,CLARK FORKLIFT 086,2026-02-10,No,item 6,"multi 10,multi 1,multi 2"
123287,CLARK FORKLIFT 087,2026-03-10,Yes,item 7,"multi 3,multi 4,multi 5"
123288,CLARK FORKLIFT 088,2026-04-10,No,item 8,"multi 6,multi 7,multi 8"
123289,CLARK FORKLIFT 089,2026-05-10,Yes,item 9,"multi 9,multi 10,multi 1,multi 2"
123290,CLARK FORKLIFT 090,2026-06-10,No,item 10,"multi 3,multi 4,multi 5,multi 6"
123291,CLARK FORKLIFT 091,2026-07-10,Yes,item 1,"multi 7,multi 8,multi 9,multi 10"
123292,CLARK FORKLIFT 092,2026-08-10,No,item 2,"multi 1,multi 3,multi 5,multi 7,multi 9"
123293,CLARK FORKLIFT 093,2026-09-10,Yes,item 3,"multi 2,multi 4,multi 6,multi 8,multi 10"
123294,CLARK FORKLIFT 094,2026-10-10,No,item 4,"multi 1,multi 3,multi 5,multi 7,multi 9"
123295,CLARK FORKLIFT 095,2026-11-10,Yes,item 5,"multi 2,multi 4,multi 6,multi 8,multi 10"
123296,CLARK FORKLIFT 096,2026-12-10,No,item 6,"multi 1,multi 2,multi 3"
123297,CLARK FORKLIFT 097,2027-01-10,Yes,item 7,"multi 4,multi 5,multi 6"
123298,CLARK FORKLIFT 098,2027-02-10,No,item 8,"multi 7,multi 8,multi 9"
123299,CLARK FORKLIFT 099,2027-03-10,Yes,item 9,"multi 10,multi 1,multi 2"
123300,CLARK FORKLIFT 100,2027-04-10,No,item 10,"multi 3,multi 4,multi 5",no
123301,CLARK FORKLIFT 001,2019-01-10,Yes,item 1,"multi 1,multi 3,multi 5,multi 7,multi 9"
123302,CLARK FORKLIFT 002,2019-02-10,No,item 2,"multi 2,multi 4,multi 6,multi 8,multi 10"
123303,CLARK FORKLIFT 003,2019-03-10,Yes,item 3,"multi 1,multi 3,multi 5,multi 7,multi 9"
123304,CLARK FORKLIFT 004,2019-04-10,No,item 4,"multi 2,multi 4,multi 6,multi 8,multi 10"
123305,CLARK FORKLIFT 005,2019-05-10,Yes,item 5,"multi 1,multi 2,multi 3"
123306,CLARK FORKLIFT 006,2019-06-10,No,item 6,"multi 4,multi 5,multi 6"
123307,CLARK FORKLIFT 007,2019-07-10,Yes,item 7,"multi 7,multi 8,multi 9"
123308,CLARK FORKLIFT 008,2019-08-10,No,item 8,"multi 10,multi 1,multi 2"
123309,CLARK FORKLIFT 009,2019-09-10,Yes,item 9,"multi 3,multi 4,multi 5"
123310,CLARK FORKLIFT 010,2019-10-10,No,item 10,"multi 6,multi 7,multi 8"
123311,CLARK FORKLIFT 011,2019-11-10,Yes,item 1,"multi 9,multi 10,multi 1,multi 2"
123312,CLARK FORKLIFT 012,2019-12-10,No,item 2,"multi 3,multi 4,multi 5,multi 6"
123313,CLARK FORKLIFT 013,2020-01-10,Yes,item 3,"multi 7,multi 8,multi 9,multi 10"
123314,CLARK FORKLIFT 014,2020-02-10,No,item 4,"multi 1,multi 3,multi 5,multi 7,multi 9"
123315,CLARK FORKLIFT 015,2020-03-10,Yes,item 5,"multi 2,multi 4,multi 6,multi 8,multi 10"
123316,CLARK FORKLIFT 016,2020-04-10,No,item 6,"multi 1,multi 3,multi 5,multi 7,multi 9"
123317,CLARK FORKLIFT 017,2020-05-10,Yes,item 7,"multi 2,multi 4,multi 6,multi 8,multi 10"
123318,CLARK FORKLIFT 018,2020-06-10,No,item 8,"multi 1,multi 2,multi 3"
123319,CLARK FORKLIFT 019,2020-07-10,Yes,item 9,"multi 4,multi 5,multi 6"
123320,CLARK FORKLIFT 020,2020-08-10,No,item 10,"multi 7,multi 8,multi 9"
123321,CLARK FORKLIFT 021,2020-09-10,Yes,item 1,"multi 10,multi 1,multi 2"
123322,CLARK FORKLIFT 022,2020-10-10,No,item 2,"multi 3,multi 4,multi 5"
123323,CLARK FORKLIFT 023,2020-11-10,Yes,item 3,"multi 6,multi 7,multi 8"
123324,CLARK FORKLIFT 024,2020-12-10,No,item 4,"multi 9,multi 10,multi 1,multi 2"
123325,CLARK FORKLIFT 025,2021-01-10,Yes,item 5,"multi 3,multi 4,multi 5,multi 6"
123326,CLARK FORKLIFT 026,2021-02-10,No,item 6,"multi 7,multi 8,multi 9,multi 10"
123327,CLARK FORKLIFT 027,2021-03-10,Yes,item 7,"multi 1,multi 3,multi 5,multi 7,multi 9"
123328,CLARK FORKLIFT 028,2021-04-10,No,item 8,"multi 2,multi 4,multi 6,multi 8,multi 10"
123329,CLARK FORKLIFT 029,2021-05-10,Yes,item 9,"multi 1,multi 3,multi 5,multi 7,multi 9"
123330,CLARK FORKLIFT 030,2021-06-10,No,item 10,"multi 2,multi 4,multi 6,multi 8,multi 10"
123331,CLARK FORKLIFT 031,2021-07-10,Yes,item 1,"multi 1,multi 2,multi 3"
123332,CLARK FORKLIFT 032,2021-08-10,No,item 2,"multi 4,multi 5,multi 6"
123333,CLARK FORKLIFT 033,2021-09-10,Yes,item 3,"multi 7,multi 8,multi 9"
123334,CLARK FORKLIFT 034,2021-10-10,No,item 4,"multi 10,multi 1,multi 2"
123335,CLARK FORKLIFT 035,2021-11-10,Yes,item 5,"multi 3,multi 4,multi 5"
123336,CLARK FORKLIFT 036,2021-12-10,No,item 6,"multi 6,multi 7,multi 8"
123337,CLARK FORKLIFT 037,2022-01-10,Yes,item 7,"multi 9,multi 10,multi 1,multi 2"
123338,CLARK FORKLIFT 038,2022-02-10,No,item 8,"multi 7,multi 8,multi 9,multi 10"
123339,CLARK FORKLIFT 039,2022-03-10,Yes,item 9,"multi 7,multi 8,multi 9,multi 10"
123340,CLARK FORKLIFT 040,2022-04-10,No,item 10,"multi 1,multi 3,multi 5,multi 7,multi 9"
123341,CLARK FORKLIFT 041,2022-05-10,Yes,item 1,"multi 2,multi 4,multi 6,multi 8,multi 10"
123342,CLARK FORKLIFT 042,2022-06-10,No,item 2,"multi 1,multi 3,multi 5,multi 7,multi 9"
123343,CLARK FORKLIFT 043,2022-07-10,Yes,item 3,"multi 2,multi 4,multi 6,multi 8,multi 10"
123344,CLARK FORKLIFT 044,2022-08-10,No,item 4,"multi 1,multi 2,multi 3"
123345,CLARK FORKLIFT 045,2022-09-10,Yes,item 5,"multi 4,multi 5,multi 6"
123346,CLARK FORKLIFT 046,2022-10-10,No,item 6,"multi 7,multi 8,multi 9"
123347,CLARK FORKLIFT 047,2022-11-10,Yes,item 7,"multi 10,multi 1,multi 2"
123348,CLARK FORKLIFT 048,2022-12-10,No,item 8,"multi 3,multi 4,multi 5"
123349,CLARK FORKLIFT 049,2023-01-10,Yes,item 90,"multi 6,multi 7,multi 8"
123350,CLARK FORKLIFT NEW CHANGE,2024-02-10 16:25:18,No,item 10,"multi 9,multi 100,multi 1,multi 20","multi 4,multi 5,multi 2,multi 30"
,CLARK FORKLIFT 030,2022-12-10,No,item 10,"multi 2,multi 4,multi 6,multi 8,multi 10"
123340,WRONG DATA,2022-04-10,No,,
123330,WRONG DATA,2024-06-10,No,item 2,"multi 3,multi 7,multi 8,multi 1,multi 9"
123351,CLARK FORKLIFT 050,2024-02-10 16:25:18,No,item 10,"multi 9,multi 100,multi 1,multi 20","multi 4,multi 5,multi 2,multi 30"
